[
    {
        "id": 1,
        "priority": 1,
        "action": {
            "type": "modifyHeaders",
            "responseHeaders": [
                {
                    "header": "cross-origin-opener-policy",
                    "operation": "remove"
                }
            ]
        },
        "condition": {
            "urlFilter": "*",
            "resourceTypes": [
                "main_frame",
                "sub_frame",
                "stylesheet",
                "script",
                "image",
                "font",
                "object",
                "xmlhttprequest",
                "ping",
                "csp_report",
                "media",
                "websocket",
                "webtransport",
                "webbundle",
                "other"
            ]
        }
    }
]
